{
    "events_total": [
        20000,
        40000,
        60000,
        80000,
        100000,
        120000,
        140000,
        152091.0
    ],
    "detectable_events": [
        50.0,
        125.0,
        187.0,
        257.0,
        322.0,
        392.0,
        452.0,
        500
    ],
    "total_rate": [
        0.5677279948779829,
        0.7096599935974784,
        0.7077675669478852,
        0.729530473418208,
        0.731233657402842,
        0.7418312466405642,
        0.7331801533852806,
        0.7465635637585166
    ]
}